{
  "type": "repurposed_structures:buriable_structure",
  "config": {
    "start_pool": "repurposed_structures:pyramids/jungle",
    "size": 20,
    "offset_amount": 0
  },
  "biomes": "#repurposed_structures:has_structure/pyramids/jungle",
  "adapt_noise": false,
  "spawn_overrides": {
    "monster": {
      "bounding_box": "piece",
      "spawns": [
        {
          "type": "minecraft:zombie",
          "weight": 100,
          "minCount": 10,
          "maxCount": 32
        },
        {
          "type": "minecraft:skeleton",
          "weight": 100,
          "minCount": 8,
          "maxCount": 26
        },
        {
          "type": "minecraft:cave_spider",
          "weight": 100,
          "minCount": 5,
          "maxCount": 12
        }
      ]
    },
    "creature": {
      "bounding_box": "piece",
      "spawns": [
        {
          "type": "minecraft:cat",
          "weight": 100,
          "minCount": 4,
          "maxCount": 4
        },
        {
          "type": "minecraft:parrot",
          "weight": 100,
          "minCount": 4,
          "maxCount": 4
        }
      ]
    }
  }
}