{
  "type": "repurposed_structures:advanced_jigsaw_structure",
  "config": {
    "start_pool": "repurposed_structures:pyramids/ocean",
    "size": 20,
    "max_y": 16,
    "min_y": 15,
    "valid_biome_radius_check": 4
  },
  "biomes": "#repurposed_structures:has_structure/pyramids/ocean",
  "adapt_noise": false,
  "spawn_overrides": {
    "monster": {
      "bounding_box": "piece",
      "spawns": [
        {
          "type": "minecraft:drowned",
          "weight": 100,
          "minCount": 1,
          "maxCount": 4
        },
        {
          "type": "minecraft:guardian",
          "weight": 30,
          "minCount": 1,
          "maxCount": 2
        }
      ]
    }
  }
}