{
  "type": "repurposed_structures:buriable_structure",
  "config": {
    "start_pool": "repurposed_structures:pyramids/flower_forest",
    "size": 20,
    "offset_amount": 0
  },
  "biomes": "#repurposed_structures:has_structure/pyramids/flower_forest",
  "adapt_noise": false,
  "spawn_overrides": {
    "monster": {
      "bounding_box": "piece",
      "spawns": [
        {
          "type": "minecraft:zombie",
          "weight": 100,
          "minCount": 10,
          "maxCount": 32
        },
        {
          "type": "minecraft:creeper",
          "weight": 10,
          "minCount": 4,
          "maxCount": 10
        }
      ]
    },
    "creature": {
      "bounding_box": "piece",
      "spawns": [
        {
          "type": "minecraft:bee",
          "weight": 100,
          "minCount": 2,
          "maxCount": 4
        },
        {
          "type": "minecraft:rabbit",
          "weight": 100,
          "minCount": 4,
          "maxCount": 4
        }
      ]
    }
  }
}