{
  "type": "repurposed_structures:buriable_structure",
  "config": {
    "start_pool": "repurposed_structures:pyramids/snowy",
    "size": 20,
    "offset_amount": 0
  },
  "biomes": "#repurposed_structures:has_structure/pyramids/snowy",
  "adapt_noise": false,
  "spawn_overrides": {
    "monster": {
      "bounding_box": "piece",
      "spawns": [
        {
          "type": "minecraft:stray",
          "weight": 100,
          "minCount": 10,
          "maxCount": 32
        }
      ]
    },
    "creature": {
      "bounding_box": "piece",
      "spawns": [
        {
          "type": "minecraft:polar_bear",
          "weight": 100,
          "minCount": 1,
          "maxCount": 1
        },
        {
          "type": "minecraft:rabbit",
          "weight": 100,
          "minCount": 4,
          "maxCount": 4
        }
      ]
    }
  }
}