{
  "type": "repurposed_structures:land_based_end_structure",
  "config": {
    "start_pool": "repurposed_structures:pyramids/end",
    "size": 20,
    "center_y_offset": -1
  },
  "biomes": "#repurposed_structures:has_structure/pyramids/end",
  "adapt_noise": false,
  "spawn_overrides": {
    "monster": {
      "bounding_box": "piece",
      "spawns": [
        {
          "type": "minecraft:endermite",
          "weight": 100,
          "minCount": 8,
          "maxCount": 24
        }
      ]
    }
  }
}